<?xml version="1.0" encoding="UTF-8"?>
<metadata xml:lang="de"><Esri><CreaDate>20211214</CreaDate><CreaTime>09511200</CreaTime><ArcGISFormat>1.0</ArcGISFormat><SyncOnce>TRUE</SyncOnce><DataProperties><lineage><Process ToolSource="c:\program files (x86)\esri\arcgis\desktop10.6\ArcToolbox\Toolboxes\Data Management Tools.tbx\CalculateField" Date="20211125" Time="160725">CalculateField FB_2021_NRW_Daten_Modell_p7_p8_sal1619 Na [NAME] VB #</Process><Process ToolSource="c:\program files (x86)\esri\arcgis\desktop10.6\ArcToolbox\Toolboxes\Data Management Tools.tbx\CalculateField" Date="20211125" Time="161909">CalculateField FB_2021_NRW_Daten_Modell_p7_p8_sal1619 na [NAME] VB #</Process><Process ToolSource="c:\program files (x86)\esri\arcgis\desktop10.6\ArcToolbox\Toolboxes\Data Management Tools.tbx\CalculateField" Date="20211125" Time="162027">CalculateField FB_2021_NRW_Daten_Modell_p7_p8_sal1619 na [NAME] VB #</Process><Process ToolSource="c:\program files (x86)\esri\arcgis\desktop10.6\ArcToolbox\Toolboxes\Data Management Tools.tbx\CalculateField" Date="20211125" Time="164434">CalculateField FB_2021_NRW_Daten_Modell_p7_p8_sal1619 Bew_VG_surp 0 VB #</Process><Process ToolSource="c:\program files (x86)\esri\arcgis\desktop10.6\ArcToolbox\Toolboxes\Data Management Tools.tbx\CalculateField" Date="20211125" Time="164601">CalculateField FB_2021_NRW_Daten_Modell_p7_p8_sal1619 Bew_VG_surp 1 VB #</Process><Process ToolSource="c:\program files (x86)\esri\arcgis\desktop10.6\ArcToolbox\Toolboxes\Data Management Tools.tbx\CalculateField" Date="20211125" Time="174104">CalculateField FB_2021_NRW_Daten_Modell_p7_p8_sal1619 Ant 0 VB #</Process><Process ToolSource="c:\program files (x86)\esri\arcgis\desktop10.6\ArcToolbox\Toolboxes\Data Management Tools.tbx\CalculateField" Date="20211126" Time="073159">CalculateField FB_2021_NRW_Daten_Modell_p7_p8_sal1619_GWK§4 Ant 0 VB #</Process><Process ToolSource="c:\program files (x86)\esri\arcgis\desktop10.6\ArcToolbox\Toolboxes\Data Management Tools.tbx\CalculateField" Date="20211201" Time="165522">CalculateField FB_2021_NRW_Daten_Modell_p7_p8_sal1619_bel_Geb§6 Flaeche_qm [Shape_Area] VB #</Process><Process ToolSource="c:\program files (x86)\esri\arcgis\desktop10.6\ArcToolbox\Toolboxes\Data Management Tools.tbx\CalculateField" Date="20211203" Time="140136">CalculateField FB_2021_NRW_Daten_Modell_p7_p8_sal1619_bel_Geb§6 Maxsurpall 20 VB #</Process><Process ToolSource="c:\program files (x86)\esri\arcgis\desktop10.6\ArcToolbox\Toolboxes\Data Management Tools.tbx\CalculateField" Date="20211203" Time="140715">CalculateField FB_2021_NRW_Daten_Modell_p7_p8_sal1619_bel_Geb§6 Bew_VG_surp 0 VB #</Process></lineage><itemProps><itemLocation><linkage Sync="TRUE">file://\\ZEISELE-1\D$\Users\Eisele\Documents\Gebietsausweisung_Nitrat_AVV_2022\01_Ergebnis_Nitratbelastete_Gebiete_01_2022\Ergebnis_Nitratbelastete_Gebiete_01_2022\Ergebnis_Nitratbelastete_Gebiete_01_2022.gdb</linkage><protocol Sync="TRUE">Local Area Network</protocol></itemLocation></itemProps></DataProperties></Esri></metadata>
