<?xml version="1.0" encoding="UTF-8"?>
<metadata xml:lang="de"><Esri><CreaDate>20221201</CreaDate><CreaTime>17025300</CreaTime><ArcGISFormat>1.0</ArcGISFormat><SyncOnce>TRUE</SyncOnce><DataProperties><lineage><Process ToolSource="c:\program files (x86)\esri\arcgis\desktop10.6\ArcToolbox\Toolboxes\Data Management Tools.tbx\CalculateField" Date="20221103" Time="082439">CalculateField FB_NRW_2022_09_10 Ant 0 VB #</Process><Process ToolSource="c:\program files (x86)\esri\arcgis\desktop10.6\ArcToolbox\Toolboxes\Data Management Tools.tbx\CalculateField" Date="20221103" Time="140843">CalculateField FB_NRW_2022_09_10 Ant 0 VB #</Process></lineage><itemProps><itemLocation><linkage Sync="TRUE">file://\\ZEISELE-1\D$\Users\Eisele\Documents\Gebietsausweisung_NItrat_AVV_11-2022\GIS-Daten\Daten_AVV_Gebietsausweisung_11_2022.gdb</linkage><protocol Sync="TRUE">Local Area Network</protocol></itemLocation></itemProps></DataProperties></Esri></metadata>
