<?xml version="1.0" encoding="UTF-8"?>
<metadata xml:lang="de"><Esri><CreaDate>20221201</CreaDate><CreaTime>09223100</CreaTime><SyncOnce>FALSE</SyncOnce><SyncDate>20221201</SyncDate><SyncTime>16475500</SyncTime><ModDate>20221201</ModDate><ModTime>16475500</ModTime><DataProperties><lineage><Process ToolSource="D:\Programme\ArcGIS\ArcToolbox\Toolboxes\Data Management Tools.tbx\CopyFeatures" Date="20110218" Time="162343">CopyFeatures D:\GSK25_3CAufl\gsk3c.gdb\einzugsgebiete\gsk3c_ezg "C:\Dokumente und Einstellungen\rusch01\Eigene Dateien\gbm3c_GSK_110217.gdb\einzugsgebiete\gsk3c_ezg" # 0 0 0</Process><Process ToolSource="c:\program files (x86)\esri\arcgis\desktop10.6\ArcToolbox\Toolboxes\Analysis Tools.tbx\Clip" Date="20201210" Time="101130">Clip Basiseinzugsgebiete_GSK3C "GWK 928_18\TG_GWK_928_18_as" D:\Users\schindl2\Desktop\QS_Ausweisung_Nitratgebiete_AVV_§6\GIS\Work\TG_GWK_928_18_s1_1.shp #</Process><Process ToolSource="c:\program files (x86)\esri\arcgis\desktop10.6\ArcToolbox\Toolboxes\Data Management Tools.tbx\Dissolve" Date="20201210" Time="102504">Dissolve "GWK 928_18\TG_GWK_928_18_s1_1" D:\Users\schindl2\Desktop\QS_Ausweisung_Nitratgebiete_AVV_§6\GIS\abgrenzung_gwk_rot.gdb\TG_GWK_928_18_s1 NRW # MULTI_PART DISSOLVE_LINES</Process><Process ToolSource="c:\program files (x86)\esri\arcgis\desktop10.6\ArcToolbox\Toolboxes\Data Management Tools.tbx\Merge" Date="20210208" Time="182312">Merge TG_GWK_928_18_s2;TG_GWK_928_17_s2;TG_GWK_928_16_s2;TG_GWK_928_12_s2;TG_GWK_928_03_s2;TG_GWK_928_01_s2;TG_GWK_496_01_s2;TG_GWK_476_03_s2;TG_GWK_476_02_s2;TG_GWK_4_03_s2;TG_GWK_4_02_s2;TG_GWK_36_01_s2;TG_GWK_3_20_s2;TG_GWK_3_18_s2;TG_GWK_3_08_s2;TG_GWK_3_06_s2;TG_GWK_3_05_s2;TG_GWK_3_04_s2;TG_GWK_3_02_s2;TG_GWK_3_01_s2;TG_GWK_286_07_s2;TG_GWK_286_06_s2;TG_GWK_286_05_s2;TG_GWK_286_04_s2;TG_GWK_286_02_s2;TG_GWK_286_01_s2;TG_GWK_284_01_s2;TG_GWK_282_04_s2;TG_GWK_282_03_s2;TG_GWK_282_02_s2;TG_GWK_282_01_s2;TG_GWK_28_04_s2;TG_GWK_28_03_s2;TG_GWK_2799_02_s2;TG_GWK_278_12_s2;TG_GWK_274_13_s2;TG_GWK_274_09_s2;TG_GWK_278_07_s2;TG_GWK_274_08_s2;TG_GWK_274_02_s2;TG_GWK_27_23_s2;TG_GWK_27_22_s2;TG_GWK_27_18_s2;TG_GWK_27_03_s2;TG_GWK_282_07_s1_s2;TG_GWK_278_26_s2;TG_GWK_278_24_s2;TG_GWK_274_07_s1_s2;TG_GWK_274_05_s1_s2 "D:\Users\schindl2\Desktop\QS_Ausweisung_Nitratgebiete_AVV_§6\GIS\aktualiserte Shapes\gwk_rot_belastete_Gebiete_210208.shp" "NRW "NRW" true true false 50 Text 0 0 ,First,#,TG_GWK_928_18_s2,NRW,-1,-1,TG_GWK_928_17_s2,NRW,-1,-1,TG_GWK_3_05_s2,NRW,-1,-1,TG_GWK_286_04_s2,NRW,-1,-1,TG_GWK_286_01_s2,NRW,-1,-1,TG_GWK_28_04_s2,NRW,-1,-1,TG_GWK_274_13_s2,NRW,-1,-1,TG_GWK_278_07_s2,NRW,-1,-1;Shape_Leng "Shape_Leng" false true true 8 Double 0 0 ,First,#,TG_GWK_928_18_s2,Shape_Length,-1,-1,TG_GWK_928_17_s2,Shape_Length,-1,-1,TG_GWK_928_16_s2,Shape_Length,-1,-1,TG_GWK_928_12_s2,Shape_Length,-1,-1,TG_GWK_928_03_s2,Shape_Length,-1,-1,TG_GWK_928_01_s2,Shape_Length,-1,-1,TG_GWK_496_01_s2,Shape_Length,-1,-1,TG_GWK_476_03_s2,Shape_Length,-1,-1,TG_GWK_476_02_s2,Shape_Length,-1,-1,TG_GWK_4_03_s2,Shape_Length,-1,-1,TG_GWK_4_02_s2,Shape_Length,-1,-1,TG_GWK_36_01_s2,SHAPE_Length,-1,-1,TG_GWK_3_20_s2,SHAPE_Length,-1,-1,TG_GWK_3_18_s2,Shape_Length,-1,-1,TG_GWK_3_08_s2,Shape_Length,-1,-1,TG_GWK_3_06_s2,Shape_Length,-1,-1,TG_GWK_3_05_s2,Shape_Length,-1,-1,TG_GWK_3_04_s2,Shape_Length,-1,-1,TG_GWK_3_02_s2,Shape_Length,-1,-1,TG_GWK_3_01_s2,Shape_Length,-1,-1,TG_GWK_286_07_s2,Shape_Length,-1,-1,TG_GWK_286_06_s2,Shape_Length,-1,-1,TG_GWK_286_05_s2,Shape_Length,-1,-1,TG_GWK_286_04_s2,SHAPE_Length,-1,-1,TG_GWK_286_02_s2,SHAPE_Length,-1,-1,TG_GWK_286_01_s2,SHAPE_Length,-1,-1,TG_GWK_284_01_s2,Shape_Length,-1,-1,TG_GWK_282_04_s2,Shape_Length,-1,-1,TG_GWK_282_03_s2,Shape_Length,-1,-1,TG_GWK_282_02_s2,SHAPE_Length,-1,-1,TG_GWK_282_01_s2,Shape_Length,-1,-1,TG_GWK_28_04_s2,SHAPE_Length,-1,-1,TG_GWK_28_03_s2,Shape_Length,-1,-1,TG_GWK_2799_02_s2,Shape_Length,-1,-1,TG_GWK_278_12_s2,Shape_Length,-1,-1,TG_GWK_274_13_s2,SHAPE_Length,-1,-1,TG_GWK_274_09_s2,Shape_Length,-1,-1,TG_GWK_278_07_s2,Shape_Length,-1,-1,TG_GWK_274_08_s2,Shape_Length,-1,-1,TG_GWK_274_02_s2,Shape_Length,-1,-1,TG_GWK_27_23_s2,Shape_Length,-1,-1,TG_GWK_27_22_s2,Shape_Length,-1,-1,TG_GWK_27_18_s2,Shape_Length,-1,-1,TG_GWK_27_03_s2,Shape_Length,-1,-1,TG_GWK_282_07_s1_s2,Shape_Length,-1,-1,TG_GWK_278_26_s2,Shape_Length,-1,-1,TG_GWK_278_24_s2,Shape_Length,-1,-1,TG_GWK_274_07_s1_s2,Shape_Length,-1,-1,TG_GWK_274_05_s1_s2,Shape_Length,-1,-1;Shape_Area "Shape_Area" false true true 8 Double 0 0 ,First,#,TG_GWK_928_18_s2,Shape_Area,-1,-1,TG_GWK_928_17_s2,Shape_Area,-1,-1,TG_GWK_928_16_s2,Shape_Area,-1,-1,TG_GWK_928_12_s2,Shape_Area,-1,-1,TG_GWK_928_03_s2,Shape_Area,-1,-1,TG_GWK_928_01_s2,Shape_Area,-1,-1,TG_GWK_496_01_s2,Shape_Area,-1,-1,TG_GWK_476_03_s2,Shape_Area,-1,-1,TG_GWK_476_02_s2,Shape_Area,-1,-1,TG_GWK_4_03_s2,Shape_Area,-1,-1,TG_GWK_4_02_s2,Shape_Area,-1,-1,TG_GWK_36_01_s2,SHAPE_Area,-1,-1,TG_GWK_3_20_s2,SHAPE_Area,-1,-1,TG_GWK_3_18_s2,Shape_Area,-1,-1,TG_GWK_3_08_s2,Shape_Area,-1,-1,TG_GWK_3_06_s2,Shape_Area,-1,-1,TG_GWK_3_05_s2,Shape_Area,-1,-1,TG_GWK_3_04_s2,Shape_Area,-1,-1,TG_GWK_3_02_s2,Shape_Area,-1,-1,TG_GWK_3_01_s2,Shape_Area,-1,-1,TG_GWK_286_07_s2,Shape_Area,-1,-1,TG_GWK_286_06_s2,Shape_Area,-1,-1,TG_GWK_286_05_s2,Shape_Area,-1,-1,TG_GWK_286_04_s2,SHAPE_Area,-1,-1,TG_GWK_286_02_s2,SHAPE_Area,-1,-1,TG_GWK_286_01_s2,SHAPE_Area,-1,-1,TG_GWK_284_01_s2,Shape_Area,-1,-1,TG_GWK_282_04_s2,Shape_Area,-1,-1,TG_GWK_282_03_s2,Shape_Area,-1,-1,TG_GWK_282_02_s2,SHAPE_Area,-1,-1,TG_GWK_282_01_s2,Shape_Area,-1,-1,TG_GWK_28_04_s2,SHAPE_Area,-1,-1,TG_GWK_28_03_s2,Shape_Area,-1,-1,TG_GWK_2799_02_s2,Shape_Area,-1,-1,TG_GWK_278_12_s2,Shape_Area,-1,-1,TG_GWK_274_13_s2,SHAPE_Area,-1,-1,TG_GWK_274_09_s2,Shape_Area,-1,-1,TG_GWK_278_07_s2,Shape_Area,-1,-1,TG_GWK_274_08_s2,Shape_Area,-1,-1,TG_GWK_274_02_s2,Shape_Area,-1,-1,TG_GWK_27_23_s2,Shape_Area,-1,-1,TG_GWK_27_22_s2,Shape_Area,-1,-1,TG_GWK_27_18_s2,Shape_Area,-1,-1,TG_GWK_27_03_s2,Shape_Area,-1,-1,TG_GWK_282_07_s1_s2,Shape_Area,-1,-1,TG_GWK_278_26_s2,Shape_Area,-1,-1,TG_GWK_278_24_s2,Shape_Area,-1,-1,TG_GWK_274_07_s1_s2,Shape_Area,-1,-1,TG_GWK_274_05_s1_s2,Shape_Area,-1,-1;gwk_id "gwk_id" true true false 15 Text 0 0 ,First,#,TG_GWK_928_16_s2,gwk_id,-1,-1,TG_GWK_928_12_s2,gwk_id,-1,-1,TG_GWK_928_03_s2,gwk_id,-1,-1,TG_GWK_928_01_s2,gwk_id,-1,-1,TG_GWK_476_03_s2,gwk_id,-1,-1,TG_GWK_3_08_s2,gwk_id,-1,-1,TG_GWK_3_01_s2,gwk_id,-1,-1,TG_GWK_286_07_s2,gwk_id,-1,-1,TG_GWK_286_06_s2,gwk_id,-1,-1,TG_GWK_286_05_s2,gwk_id,-1,-1,TG_GWK_282_04_s2,gwk_id,-1,-1,TG_GWK_282_03_s2,gwk_id,-1,-1,TG_GWK_2799_02_s2,gwk_id,-1,-1,TG_GWK_278_12_s2,gwk_id,-1,-1,TG_GWK_274_09_s2,gwk_id,-1,-1,TG_GWK_274_08_s2,gwk_id,-1,-1,TG_GWK_274_02_s2,gwk_id,-1,-1,TG_GWK_27_23_s2,gwk_id,-1,-1,TG_GWK_27_22_s2,gwk_id,-1,-1,TG_GWK_27_18_s2,gwk_id,-1,-1,TG_GWK_27_03_s2,gwk_id,-1,-1,TG_GWK_282_07_s1_s2,gwk_id,-1,-1,TG_GWK_278_26_s2,gwk_id,-1,-1,TG_GWK_278_24_s2,gwk_id,-1,-1,TG_GWK_274_07_s1_s2,gwk_id,-1,-1,TG_GWK_274_05_s1_s2,gwk_id,-1,-1;gwk_auf_id "gwk_auf_id" true true false 10 Text 0 0 ,First,#,TG_GWK_928_16_s2,gwk_auf_id,-1,-1,TG_GWK_928_12_s2,gwk_auf_id,-1,-1,TG_GWK_928_03_s2,gwk_auf_id,-1,-1,TG_GWK_476_03_s2,gwk_auf_id,-1,-1,TG_GWK_3_08_s2,gwk_auf_id,-1,-1,TG_GWK_3_01_s2,gwk_auf_id,-1,-1,TG_GWK_286_07_s2,gwk_auf_id,-1,-1,TG_GWK_286_06_s2,gwk_auf_id,-1,-1,TG_GWK_286_05_s2,gwk_auf_id,-1,-1,TG_GWK_2799_02_s2,gwk_auf_id,-1,-1,TG_GWK_274_02_s2,gwk_auf_id,-1,-1,TG_GWK_27_18_s2,gwk_auf_id,-1,-1,TG_GWK_27_03_s2,gwk_auf_id,-1,-1,TG_GWK_282_07_s1_s2,gwk_auf_id,-1,-1,TG_GWK_278_26_s2,gwk_auf_id,-1,-1,TG_GWK_274_07_s1_s2,gwk_auf_id,-1,-1,TG_GWK_274_05_s1_s2,gwk_auf_id,-1,-1;name "name" true true false 64 Text 0 0 ,First,#,TG_GWK_928_16_s2,name,-1,-1,TG_GWK_928_12_s2,name,-1,-1,TG_GWK_928_03_s2,name,-1,-1,TG_GWK_476_03_s2,name,-1,-1,TG_GWK_3_08_s2,name,-1,-1,TG_GWK_3_01_s2,name,-1,-1,TG_GWK_286_07_s2,name,-1,-1,TG_GWK_286_06_s2,name,-1,-1,TG_GWK_286_05_s2,name,-1,-1,TG_GWK_2799_02_s2,name,-1,-1,TG_GWK_274_02_s2,name,-1,-1,TG_GWK_27_18_s2,name,-1,-1,TG_GWK_27_03_s2,name,-1,-1,TG_GWK_282_07_s1_s2,name,-1,-1,TG_GWK_278_26_s2,name,-1,-1,TG_GWK_274_07_s1_s2,name,-1,-1,TG_GWK_274_05_s1_s2,name,-1,-1;erstell_da "erstell_da" true true false 20 Text 0 0 ,First,#,TG_GWK_928_16_s2,erstell_da,-1,-1,TG_GWK_928_12_s2,erstell_da,-1,-1,TG_GWK_928_03_s2,erstell_da,-1,-1,TG_GWK_476_03_s2,erstell_da,-1,-1,TG_GWK_3_08_s2,erstell_da,-1,-1,TG_GWK_3_01_s2,erstell_da,-1,-1,TG_GWK_286_07_s2,erstell_da,-1,-1,TG_GWK_286_06_s2,erstell_da,-1,-1,TG_GWK_286_05_s2,erstell_da,-1,-1,TG_GWK_2799_02_s2,erstell_da,-1,-1,TG_GWK_274_02_s2,erstell_da,-1,-1,TG_GWK_27_18_s2,erstell_da,-1,-1,TG_GWK_27_03_s2,erstell_da,-1,-1,TG_GWK_282_07_s1_s2,erstell_da,-1,-1,TG_GWK_278_26_s2,erstell_da,-1,-1,TG_GWK_274_07_s1_s2,erstell_da,-1,-1,TG_GWK_274_05_s1_s2,erstell_da,-1,-1;aktual_dat "aktual_dat" true true false 20 Text 0 0 ,First,#,TG_GWK_928_16_s2,aktual_dat,-1,-1,TG_GWK_928_12_s2,aktual_dat,-1,-1,TG_GWK_928_03_s2,aktual_dat,-1,-1,TG_GWK_476_03_s2,aktual_dat,-1,-1,TG_GWK_3_08_s2,aktual_dat,-1,-1,TG_GWK_3_01_s2,aktual_dat,-1,-1,TG_GWK_286_07_s2,aktual_dat,-1,-1,TG_GWK_286_06_s2,aktual_dat,-1,-1,TG_GWK_286_05_s2,aktual_dat,-1,-1,TG_GWK_2799_02_s2,aktual_dat,-1,-1,TG_GWK_274_02_s2,aktual_dat,-1,-1,TG_GWK_27_18_s2,aktual_dat,-1,-1,TG_GWK_27_03_s2,aktual_dat,-1,-1,TG_GWK_282_07_s1_s2,aktual_dat,-1,-1,TG_GWK_278_26_s2,aktual_dat,-1,-1,TG_GWK_274_07_s1_s2,aktual_dat,-1,-1,TG_GWK_274_05_s1_s2,aktual_dat,-1,-1;zeitstempe "zeitstempe" true true false 20 Text 0 0 ,First,#,TG_GWK_928_16_s2,zeitstempe,-1,-1,TG_GWK_928_12_s2,zeitstempe,-1,-1,TG_GWK_928_03_s2,zeitstempe,-1,-1,TG_GWK_476_03_s2,zeitstempe,-1,-1,TG_GWK_3_08_s2,zeitstempe,-1,-1,TG_GWK_3_01_s2,zeitstempe,-1,-1,TG_GWK_286_07_s2,zeitstempe,-1,-1,TG_GWK_286_06_s2,zeitstempe,-1,-1,TG_GWK_286_05_s2,zeitstempe,-1,-1,TG_GWK_2799_02_s2,zeitstempe,-1,-1,TG_GWK_274_02_s2,zeitstempe,-1,-1,TG_GWK_27_18_s2,zeitstempe,-1,-1,TG_GWK_27_03_s2,zeitstempe,-1,-1,TG_GWK_282_07_s1_s2,zeitstempe,-1,-1,TG_GWK_278_26_s2,zeitstempe,-1,-1,TG_GWK_274_07_s1_s2,zeitstempe,-1,-1,TG_GWK_274_05_s1_s2,zeitstempe,-1,-1;herkunft "herkunft" true true false 20 Text 0 0 ,First,#,TG_GWK_928_16_s2,herkunft,-1,-1,TG_GWK_928_12_s2,herkunft,-1,-1,TG_GWK_928_03_s2,herkunft,-1,-1,TG_GWK_476_03_s2,herkunft,-1,-1,TG_GWK_3_08_s2,herkunft,-1,-1,TG_GWK_3_01_s2,herkunft,-1,-1,TG_GWK_286_07_s2,herkunft,-1,-1,TG_GWK_286_06_s2,herkunft,-1,-1,TG_GWK_286_05_s2,herkunft,-1,-1,TG_GWK_2799_02_s2,herkunft,-1,-1,TG_GWK_274_02_s2,herkunft,-1,-1,TG_GWK_27_18_s2,herkunft,-1,-1,TG_GWK_27_03_s2,herkunft,-1,-1,TG_GWK_282_07_s1_s2,herkunft,-1,-1,TG_GWK_278_26_s2,herkunft,-1,-1,TG_GWK_274_07_s1_s2,herkunft,-1,-1,TG_GWK_274_05_s1_s2,herkunft,-1,-1;sl_nr "sl_nr" true true false 8 Double 0 0 ,First,#,TG_GWK_928_16_s2,sl_nr,-1,-1,TG_GWK_928_12_s2,sl_nr,-1,-1,TG_GWK_928_03_s2,sl_nr,-1,-1,TG_GWK_476_03_s2,sl_nr,-1,-1,TG_GWK_3_08_s2,sl_nr,-1,-1,TG_GWK_3_01_s2,sl_nr,-1,-1,TG_GWK_286_07_s2,sl_nr,-1,-1,TG_GWK_286_06_s2,sl_nr,-1,-1,TG_GWK_286_05_s2,sl_nr,-1,-1,TG_GWK_2799_02_s2,sl_nr,-1,-1,TG_GWK_274_02_s2,sl_nr,-1,-1,TG_GWK_27_18_s2,sl_nr,-1,-1,TG_GWK_27_03_s2,sl_nr,-1,-1,TG_GWK_282_07_s1_s2,sl_nr,-1,-1,TG_GWK_278_26_s2,sl_nr,-1,-1,TG_GWK_274_07_s1_s2,sl_nr,-1,-1,TG_GWK_274_05_s1_s2,sl_nr,-1,-1;Flaeche_qk "Flaeche_qk" true true false 8 Double 0 0 ,First,#,TG_GWK_928_16_s2,Flaeche_qk,-1,-1,TG_GWK_928_12_s2,Flaeche_qk,-1,-1,TG_GWK_928_03_s2,Flaeche_qk,-1,-1,TG_GWK_476_03_s2,Flaeche_qk,-1,-1,TG_GWK_3_08_s2,Flaeche_qk,-1,-1,TG_GWK_3_01_s2,Flaeche_qk,-1,-1,TG_GWK_286_07_s2,Flaeche_qk,-1,-1,TG_GWK_286_06_s2,Flaeche_qk,-1,-1,TG_GWK_286_05_s2,Flaeche_qk,-1,-1,TG_GWK_2799_02_s2,Flaeche_qk,-1,-1,TG_GWK_274_02_s2,Flaeche_qk,-1,-1,TG_GWK_27_18_s2,Flaeche_qk,-1,-1,TG_GWK_27_03_s2,Flaeche_qk,-1,-1,TG_GWK_282_07_s1_s2,Flaeche_qk,-1,-1,TG_GWK_278_26_s2,Flaeche_qk,-1,-1,TG_GWK_274_07_s1_s2,Flaeche_qk,-1,-1,TG_GWK_274_05_s1_s2,Flaeche_qk,-1,-1;dissolve "dissolve" true true false 2 Short 0 0 ,First,#,TG_GWK_496_01_s2,dissolve,-1,-1,TG_GWK_476_02_s2,dissolve,-1,-1,TG_GWK_4_03_s2,dissolve,-1,-1,TG_GWK_36_01_s2,dissolve,-1,-1,TG_GWK_3_20_s2,dissolve,-1,-1,TG_GWK_3_06_s2,dissolve,-1,-1,TG_GWK_3_05_s2,dissolve,-1,-1,TG_GWK_3_04_s2,dissolve,-1,-1,TG_GWK_3_02_s2,dissolve,-1,-1,TG_GWK_278_07_s2,dissolve,-1,-1;HK_dif "HK_dif" true true false 4 Long 0 0 ,First,#,TG_GWK_4_03_s2,HK_dif,-1,-1;OBJECTID "OBJECTID" true true false 4 Long 0 0 ,First,#,TG_GWK_4_03_s2,OBJECTID,-1,-1;Shape_Le_1 "Shape_Le_1" true true false 8 Double 0 0 ,First,#,TG_GWK_4_03_s2,Shape_Leng,-1,-1;TEZGNRW_SK "TEZGNRW_SK" true true false 8 Double 0 0 ,First,#,TG_GWK_4_02_s2,TEZGNRW_SK,-1,-1,TG_GWK_3_05_s2,TEZGNRW_SK,-1,-1,TG_GWK_278_07_s2,TEZGNRW_SK,-1,-1;FID_TG_GWK "FID_TG_GWK" true true false 4 Long 0 0 ,First,#,TG_GWK_3_05_s2,FID_TG_GWK_3_05_s1a,-1,-1;FID_TG_G_1 "FID_TG_G_1" true true false 4 Long 0 0 ,First,#,TG_GWK_3_05_s2,FID_TG_GWK_3_05_s1b,-1,-1;GEBKZ "GEBKZ" true true false 20 Text 0 0 ,First,#,TG_GWK_3_05_s2,GEBKZ,-1,-1,TG_GWK_278_07_s2,GEBKZ,-1,-1;TEZG "TEZG" true true false 8 Double 0 0 ,First,#,TG_GWK_3_05_s2,TEZG,-1,-1,TG_GWK_278_07_s2,TEZG,-1,-1;TEZGNRW "TEZGNRW" true true false 8 Double 0 0 ,First,#,TG_GWK_3_05_s2,TEZGNRW,-1,-1,TG_GWK_278_07_s2,TEZGNRW,-1,-1;GEZG "GEZG" true true false 8 Double 0 0 ,First,#,TG_GWK_3_05_s2,GEZG,-1,-1,TG_GWK_278_07_s2,GEZG,-1,-1;GEZGNRW "GEZGNRW" true true false 8 Double 0 0 ,First,#,TG_GWK_3_05_s2,GEZGNRW,-1,-1,TG_GWK_278_07_s2,GEZGNRW,-1,-1;EZGTYP "EZGTYP" true true false 5 Text 0 0 ,First,#,TG_GWK_3_05_s2,EZGTYP,-1,-1,TG_GWK_282_02_s2,EZGTYP,-1,-1,TG_GWK_278_07_s2,EZGTYP,-1,-1;EZGSK "EZGSK" true true false 20 Text 0 0 ,First,#,TG_GWK_3_05_s2,EZGSK,-1,-1,TG_GWK_278_07_s2,EZGSK,-1,-1;AUFLAGE "AUFLAGE" true true false 10 Text 0 0 ,First,#,TG_GWK_3_05_s2,AUFLAGE,-1,-1,TG_GWK_278_07_s2,AUFLAGE,-1,-1;VER "VER" true true false 5 Text 0 0 ,First,#,TG_GWK_3_05_s2,VER,-1,-1,TG_GWK_282_01_s2,VER,-1,-1,TG_GWK_28_03_s2,VER,-1,-1,TG_GWK_278_07_s2,VER,-1,-1;EZGID "EZGID" true true false 8 Double 0 0 ,First,#,TG_GWK_3_05_s2,EZGID,-1,-1,TG_GWK_278_07_s2,EZGID,-1,-1;TEZG_SK "TEZG_SK" true true false 8 Double 0 0 ,First,#,TG_GWK_3_05_s2,TEZG_SK,-1,-1,TG_GWK_278_07_s2,TEZG_SK,-1,-1;dissilve "dissilve" true true false 2 Short 0 0 ,First,#,TG_GWK_286_02_s2,dissilve,-1,-1;FID_Trocke "FID_Trocke" true true false 4 Long 0 0 ,First,#,TG_GWK_28_03_s2,FID_Trockenflächen_Braunkohlerevier,-1,-1;ID "ID" true true false 4 Long 0 0 ,First,#,TG_GWK_28_03_s2,ID,-1,-1;Fl_Nr "Fl_Nr" true true false 4 Long 0 0 ,First,#,TG_GWK_28_03_s2,Fl_Nr,-1,-1;FID_TG_G_2 "FID_TG_G_2" true true false 4 Long 0 0 ,First,#,TG_GWK_28_03_s2,FID_TG_GWK_28_03_s1b,-1,-1;BEM_LANUV "BEM_LANUV" true true false 100 Text 0 0 ,First,#,TG_GWK_278_07_s2,BEM_LANUV,-1,-1"</Process><Process ToolSource="c:\program files (x86)\esri\arcgis\desktop10.6\ArcToolbox\Toolboxes\Data Management Tools.tbx\Merge" Date="20210208" Time="184504">Merge gwk_rot_belastete_Gebiete_210208;gwk_grün_rel_§4_MWmxJW1619_TG_p6 D:\Users\Eisele\Documents\Gebietsausweisung_Nitrat_AVV\GIS.gdb\gwk_rel_§4_belastete_Gebiete_p6_02_2021 "NRW "NRW" true true false 50 Text 0 0 ,First,#,gwk_rot_belastete_Gebiete_210208,NRW,-1,-1;Shape_Leng "Shape_Leng" true true false 8 Double 0 0 ,First,#,gwk_rot_belastete_Gebiete_210208,Shape_Leng,-1,-1;gwk_id "gwk_id" true true false 15 Text 0 0 ,First,#,gwk_rot_belastete_Gebiete_210208,gwk_id,-1,-1,gwk_grün_rel_§4_MWmxJW1619_TG_p6,gwk_id,-1,-1;gwk_auf_id "gwk_auf_id" true true false 10 Text 0 0 ,First,#,gwk_rot_belastete_Gebiete_210208,gwk_auf_id,-1,-1;name "name" true true false 64 Text 0 0 ,First,#,gwk_rot_belastete_Gebiete_210208,name,-1,-1;erstell_da "erstell_da" true true false 20 Text 0 0 ,First,#,gwk_rot_belastete_Gebiete_210208,erstell_da,-1,-1;aktual_dat "aktual_dat" true true false 20 Text 0 0 ,First,#,gwk_rot_belastete_Gebiete_210208,aktual_dat,-1,-1;zeitstempe "zeitstempe" true true false 20 Text 0 0 ,First,#,gwk_rot_belastete_Gebiete_210208,zeitstempe,-1,-1;herkunft "herkunft" true true false 20 Text 0 0 ,First,#,gwk_rot_belastete_Gebiete_210208,herkunft,-1,-1;sl_nr "sl_nr" true true false 8 Double 0 0 ,First,#,gwk_rot_belastete_Gebiete_210208,sl_nr,-1,-1;Flaeche_qk "Flaeche_qk" true true false 8 Double 0 0 ,First,#,gwk_rot_belastete_Gebiete_210208,Flaeche_qk,-1,-1;dissolve "dissolve" true true false 4 Long 0 0 ,First,#,gwk_rot_belastete_Gebiete_210208,dissolve,-1,-1;HK_dif "HK_dif" true true false 4 Long 0 0 ,First,#,gwk_rot_belastete_Gebiete_210208,HK_dif,-1,-1;OBJECTID "OBJECTID" true true false 4 Long 0 0 ,First,#,gwk_rot_belastete_Gebiete_210208,OBJECTID,-1,-1;Shape_Le_1 "Shape_Le_1" true true false 8 Double 0 0 ,First,#,gwk_rot_belastete_Gebiete_210208,Shape_Le_1,-1,-1;TEZGNRW_SK "TEZGNRW_SK" true true false 8 Double 0 0 ,First,#,gwk_rot_belastete_Gebiete_210208,TEZGNRW_SK,-1,-1;FID_TG_GWK "FID_TG_GWK" true true false 4 Long 0 0 ,First,#,gwk_rot_belastete_Gebiete_210208,FID_TG_GWK,-1,-1;FID_TG_G_1 "FID_TG_G_1" true true false 4 Long 0 0 ,First,#,gwk_rot_belastete_Gebiete_210208,FID_TG_G_1,-1,-1;GEBKZ "GEBKZ" true true false 20 Text 0 0 ,First,#,gwk_rot_belastete_Gebiete_210208,GEBKZ,-1,-1;TEZG "TEZG" true true false 8 Double 0 0 ,First,#,gwk_rot_belastete_Gebiete_210208,TEZG,-1,-1;TEZGNRW "TEZGNRW" true true false 8 Double 0 0 ,First,#,gwk_rot_belastete_Gebiete_210208,TEZGNRW,-1,-1;GEZG "GEZG" true true false 8 Double 0 0 ,First,#,gwk_rot_belastete_Gebiete_210208,GEZG,-1,-1;GEZGNRW "GEZGNRW" true true false 8 Double 0 0 ,First,#,gwk_rot_belastete_Gebiete_210208,GEZGNRW,-1,-1;EZGTYP "EZGTYP" true true false 5 Text 0 0 ,First,#,gwk_rot_belastete_Gebiete_210208,EZGTYP,-1,-1;EZGSK "EZGSK" true true false 20 Text 0 0 ,First,#,gwk_rot_belastete_Gebiete_210208,EZGSK,-1,-1;AUFLAGE "AUFLAGE" true true false 10 Text 0 0 ,First,#,gwk_rot_belastete_Gebiete_210208,AUFLAGE,-1,-1;VER "VER" true true false 5 Text 0 0 ,First,#,gwk_rot_belastete_Gebiete_210208,VER,-1,-1;EZGID "EZGID" true true false 8 Double 0 0 ,First,#,gwk_rot_belastete_Gebiete_210208,EZGID,-1,-1;TEZG_SK "TEZG_SK" true true false 8 Double 0 0 ,First,#,gwk_rot_belastete_Gebiete_210208,TEZG_SK,-1,-1;dissilve "dissilve" true true false 4 Long 0 0 ,First,#,gwk_rot_belastete_Gebiete_210208,dissilve,-1,-1;FID_Trocke "FID_Trocke" true true false 4 Long 0 0 ,First,#,gwk_rot_belastete_Gebiete_210208,FID_Trocke,-1,-1;ID "ID" true true false 4 Long 0 0 ,First,#,gwk_rot_belastete_Gebiete_210208,ID,-1,-1;Fl_Nr "Fl_Nr" true true false 4 Long 0 0 ,First,#,gwk_rot_belastete_Gebiete_210208,Fl_Nr,-1,-1;FID_TG_G_2 "FID_TG_G_2" true true false 4 Long 0 0 ,First,#,gwk_rot_belastete_Gebiete_210208,FID_TG_G_2,-1,-1;BEM_LANUV "BEM_LANUV" true true false 100 Text 0 0 ,First,#,gwk_rot_belastete_Gebiete_210208,BEM_LANUV,-1,-1;Shape_Length "Shape_Length" false true true 8 Double 0 0 ,First,#,gwk_rot_belastete_Gebiete_210208,Shape_Length,-1,-1,gwk_grün_rel_§4_MWmxJW1619_TG_p6,Shape_Length,-1,-1;Shape_Area "Shape_Area" false true true 8 Double 0 0 ,First,#,gwk_rot_belastete_Gebiete_210208,Shape_Area,-1,-1,gwk_grün_rel_§4_MWmxJW1619_TG_p6,Shape_Area,-1,-1"</Process><Process ToolSource="c:\program files (x86)\esri\arcgis\desktop10.6\ArcToolbox\Toolboxes\Data Management Tools.tbx\Merge" Date="20220204" Time="094859">Merge gwk_rel_§4_belastete_Gebiete_p6_02_2022;gwk_rel_§4_belastete_Gebiete_p6_02_2021 D:\Users\Eisele\Documents\GA_Bund\Ausweisungsmessnetz_NRW.gdb\gwk_rel_§4_belastete_Gebiete_p6_02_2022_n "NRW "NRW" true true false 50 Text 0 0 ,First,#,gwk_rel_§4_belastete_Gebiete_p6_02_2022,NRW,-1,-1,gwk_rel_§4_belastete_Gebiete_p6_02_2021,NRW,-1,-1;Shape_Leng "Shape_Leng" true true false 8 Double 0 0 ,First,#,gwk_rel_§4_belastete_Gebiete_p6_02_2022,Shape_Leng,-1,-1,gwk_rel_§4_belastete_Gebiete_p6_02_2021,Shape_Leng,-1,-1;gwk_id "gwk_id" true true false 15 Text 0 0 ,First,#,gwk_rel_§4_belastete_Gebiete_p6_02_2022,gwk_id,-1,-1,gwk_rel_§4_belastete_Gebiete_p6_02_2021,gwk_id,-1,-1;gwk_auf_id "gwk_auf_id" true true false 10 Text 0 0 ,First,#,gwk_rel_§4_belastete_Gebiete_p6_02_2022,gwk_auf_id,-1,-1,gwk_rel_§4_belastete_Gebiete_p6_02_2021,gwk_auf_id,-1,-1;name "name" true true false 64 Text 0 0 ,First,#,gwk_rel_§4_belastete_Gebiete_p6_02_2022,name,-1,-1,gwk_rel_§4_belastete_Gebiete_p6_02_2021,name,-1,-1;erstell_da "erstell_da" true true false 20 Text 0 0 ,First,#,gwk_rel_§4_belastete_Gebiete_p6_02_2022,erstell_da,-1,-1,gwk_rel_§4_belastete_Gebiete_p6_02_2021,erstell_da,-1,-1;aktual_dat "aktual_dat" true true false 20 Text 0 0 ,First,#,gwk_rel_§4_belastete_Gebiete_p6_02_2022,aktual_dat,-1,-1,gwk_rel_§4_belastete_Gebiete_p6_02_2021,aktual_dat,-1,-1;zeitstempe "zeitstempe" true true false 20 Text 0 0 ,First,#,gwk_rel_§4_belastete_Gebiete_p6_02_2022,zeitstempe,-1,-1,gwk_rel_§4_belastete_Gebiete_p6_02_2021,zeitstempe,-1,-1;herkunft "herkunft" true true false 20 Text 0 0 ,First,#,gwk_rel_§4_belastete_Gebiete_p6_02_2022,herkunft,-1,-1,gwk_rel_§4_belastete_Gebiete_p6_02_2021,herkunft,-1,-1;sl_nr "sl_nr" true true false 8 Double 0 0 ,First,#,gwk_rel_§4_belastete_Gebiete_p6_02_2022,sl_nr,-1,-1,gwk_rel_§4_belastete_Gebiete_p6_02_2021,sl_nr,-1,-1;Flaeche_qk "Flaeche_qk" true true false 8 Double 0 0 ,First,#,gwk_rel_§4_belastete_Gebiete_p6_02_2022,Flaeche_qk,-1,-1,gwk_rel_§4_belastete_Gebiete_p6_02_2021,Flaeche_qk,-1,-1;dissolve "dissolve" true true false 4 Long 0 0 ,First,#,gwk_rel_§4_belastete_Gebiete_p6_02_2022,dissolve,-1,-1,gwk_rel_§4_belastete_Gebiete_p6_02_2021,dissolve,-1,-1;HK_dif "HK_dif" true true false 4 Long 0 0 ,First,#,gwk_rel_§4_belastete_Gebiete_p6_02_2022,HK_dif,-1,-1,gwk_rel_§4_belastete_Gebiete_p6_02_2021,HK_dif,-1,-1;OBJECTID "OBJECTID" true true false 4 Long 0 0 ,First,#,gwk_rel_§4_belastete_Gebiete_p6_02_2022,OBJECTID,-1,-1,gwk_rel_§4_belastete_Gebiete_p6_02_2021,OBJECTID,-1,-1;Shape_Le_1 "Shape_Le_1" true true false 8 Double 0 0 ,First,#,gwk_rel_§4_belastete_Gebiete_p6_02_2022,Shape_Le_1,-1,-1,gwk_rel_§4_belastete_Gebiete_p6_02_2021,Shape_Le_1,-1,-1;TEZGNRW_SK "TEZGNRW_SK" true true false 8 Double 0 0 ,First,#,gwk_rel_§4_belastete_Gebiete_p6_02_2022,TEZGNRW_SK,-1,-1,gwk_rel_§4_belastete_Gebiete_p6_02_2021,TEZGNRW_SK,-1,-1;FID_TG_GWK "FID_TG_GWK" true true false 4 Long 0 0 ,First,#,gwk_rel_§4_belastete_Gebiete_p6_02_2022,FID_TG_GWK,-1,-1,gwk_rel_§4_belastete_Gebiete_p6_02_2021,FID_TG_GWK,-1,-1;FID_TG_G_1 "FID_TG_G_1" true true false 4 Long 0 0 ,First,#,gwk_rel_§4_belastete_Gebiete_p6_02_2022,FID_TG_G_1,-1,-1,gwk_rel_§4_belastete_Gebiete_p6_02_2021,FID_TG_G_1,-1,-1;GEBKZ "GEBKZ" true true false 20 Text 0 0 ,First,#,gwk_rel_§4_belastete_Gebiete_p6_02_2022,GEBKZ,-1,-1,gwk_rel_§4_belastete_Gebiete_p6_02_2021,GEBKZ,-1,-1;TEZG "TEZG" true true false 8 Double 0 0 ,First,#,gwk_rel_§4_belastete_Gebiete_p6_02_2022,TEZG,-1,-1,gwk_rel_§4_belastete_Gebiete_p6_02_2021,TEZG,-1,-1;TEZGNRW "TEZGNRW" true true false 8 Double 0 0 ,First,#,gwk_rel_§4_belastete_Gebiete_p6_02_2022,TEZGNRW,-1,-1,gwk_rel_§4_belastete_Gebiete_p6_02_2021,TEZGNRW,-1,-1;GEZG "GEZG" true true false 8 Double 0 0 ,First,#,gwk_rel_§4_belastete_Gebiete_p6_02_2022,GEZG,-1,-1,gwk_rel_§4_belastete_Gebiete_p6_02_2021,GEZG,-1,-1;GEZGNRW "GEZGNRW" true true false 8 Double 0 0 ,First,#,gwk_rel_§4_belastete_Gebiete_p6_02_2022,GEZGNRW,-1,-1,gwk_rel_§4_belastete_Gebiete_p6_02_2021,GEZGNRW,-1,-1;EZGTYP "EZGTYP" true true false 5 Text 0 0 ,First,#,gwk_rel_§4_belastete_Gebiete_p6_02_2022,EZGTYP,-1,-1,gwk_rel_§4_belastete_Gebiete_p6_02_2021,EZGTYP,-1,-1;EZGSK "EZGSK" true true false 20 Text 0 0 ,First,#,gwk_rel_§4_belastete_Gebiete_p6_02_2022,EZGSK,-1,-1,gwk_rel_§4_belastete_Gebiete_p6_02_2021,EZGSK,-1,-1;AUFLAGE "AUFLAGE" true true false 10 Text 0 0 ,First,#,gwk_rel_§4_belastete_Gebiete_p6_02_2022,AUFLAGE,-1,-1,gwk_rel_§4_belastete_Gebiete_p6_02_2021,AUFLAGE,-1,-1;VER "VER" true true false 5 Text 0 0 ,First,#,gwk_rel_§4_belastete_Gebiete_p6_02_2022,VER,-1,-1,gwk_rel_§4_belastete_Gebiete_p6_02_2021,VER,-1,-1;EZGID "EZGID" true true false 8 Double 0 0 ,First,#,gwk_rel_§4_belastete_Gebiete_p6_02_2022,EZGID,-1,-1,gwk_rel_§4_belastete_Gebiete_p6_02_2021,EZGID,-1,-1;TEZG_SK "TEZG_SK" true true false 8 Double 0 0 ,First,#,gwk_rel_§4_belastete_Gebiete_p6_02_2022,TEZG_SK,-1,-1,gwk_rel_§4_belastete_Gebiete_p6_02_2021,TEZG_SK,-1,-1;dissilve "dissilve" true true false 4 Long 0 0 ,First,#,gwk_rel_§4_belastete_Gebiete_p6_02_2022,dissilve,-1,-1,gwk_rel_§4_belastete_Gebiete_p6_02_2021,dissilve,-1,-1;FID_Trocke "FID_Trocke" true true false 4 Long 0 0 ,First,#,gwk_rel_§4_belastete_Gebiete_p6_02_2022,FID_Trocke,-1,-1,gwk_rel_§4_belastete_Gebiete_p6_02_2021,FID_Trocke,-1,-1;ID "ID" true true false 4 Long 0 0 ,First,#,gwk_rel_§4_belastete_Gebiete_p6_02_2022,ID,-1,-1,gwk_rel_§4_belastete_Gebiete_p6_02_2021,ID,-1,-1;Fl_Nr "Fl_Nr" true true false 4 Long 0 0 ,First,#,gwk_rel_§4_belastete_Gebiete_p6_02_2022,Fl_Nr,-1,-1,gwk_rel_§4_belastete_Gebiete_p6_02_2021,Fl_Nr,-1,-1;FID_TG_G_2 "FID_TG_G_2" true true false 4 Long 0 0 ,First,#,gwk_rel_§4_belastete_Gebiete_p6_02_2022,FID_TG_G_2,-1,-1,gwk_rel_§4_belastete_Gebiete_p6_02_2021,FID_TG_G_2,-1,-1;BEM_LANUV "BEM_LANUV" true true false 100 Text 0 0 ,First,#,gwk_rel_§4_belastete_Gebiete_p6_02_2022,BEM_LANUV,-1,-1,gwk_rel_§4_belastete_Gebiete_p6_02_2021,BEM_LANUV,-1,-1;Shape_Length "Shape_Length" false true true 8 Double 0 0 ,First,#,gwk_rel_§4_belastete_Gebiete_p6_02_2022,Shape_Length,-1,-1,gwk_rel_§4_belastete_Gebiete_p6_02_2021,Shape_Length,-1,-1;Shape_Area "Shape_Area" false true true 8 Double 0 0 ,First,#,gwk_rel_§4_belastete_Gebiete_p6_02_2022,Shape_Area,-1,-1,gwk_rel_§4_belastete_Gebiete_p6_02_2021,Shape_Area,-1,-1"</Process><Process ToolSource="c:\program files (x86)\esri\arcgis\desktop10.6\ArcToolbox\Toolboxes\Data Management Tools.tbx\Merge" Date="20221019" Time="111525">Merge gwk_rel_§3_bel_Geb_p5_11_2022_ohne_D;Tg_GWK_278_26_bel_alt_neu;Tg_GWK_274_07_s2;Tg_GWK_4_10_s2 D:\Users\Eisele\Documents\Gebietsausweisung_NItrat_AVV_11-2022\GIS-Daten\Abgrenzung_NRW_.gdb\gwk_rel_§3_bel_Geb_p5_11_2022_ohne_D1 "OBJECTID_1 "OBJECTID_1" true true false 4 Long 0 0 ,First,#,gwk_rel_§3_bel_Geb_p5_11_2022_ohne_D,OBJECTID_1,-1,-1,Tg_GWK_278_26_bel_alt_neu,OBJECTID_1,-1,-1;Shape_Length "Shape_Length" false true true 8 Double 0 0 ,First,#,gwk_rel_§3_bel_Geb_p5_11_2022_ohne_D,Shape_Length,-1,-1,Tg_GWK_278_26_bel_alt_neu,Shape_Length,-1,-1,Tg_GWK_274_07_s2,Shape_Length,-1,-1,Tg_GWK_4_10_s2,Shape_Length,-1,-1;Shape_Area "Shape_Area" false true true 8 Double 0 0 ,First,#,gwk_rel_§3_bel_Geb_p5_11_2022_ohne_D,Shape_Area,-1,-1,Tg_GWK_278_26_bel_alt_neu,Shape_Area,-1,-1,Tg_GWK_274_07_s2,Shape_Area,-1,-1,Tg_GWK_4_10_s2,Shape_Area,-1,-1;FID_Tg_GWK_278_26_s2 "FID_Tg_GWK_278_26_s2" true true false 4 Long 0 0 ,First,#,Tg_GWK_278_26_bel_alt_neu,FID_Tg_GWK_278_26_s2,-1,-1;gwk_id "gwk_id" true true false 15 Text 0 0 ,First,#,Tg_GWK_278_26_bel_alt_neu,gwk_id,-1,-1,Tg_GWK_274_07_s2,gwk_id,-1,-1,Tg_GWK_4_10_s2,gwk_id,-1,-1;FID_gwk_rel_§3_bel_Geb_p5_11_2022_ohne_D "FID_gwk_rel_§3_bel_Geb_p5_11_2022_ohne_D" true true false 4 Long 0 0 ,First,#,Tg_GWK_278_26_bel_alt_neu,FID_gwk_rel_§3_bel_Geb_p5_11_2022_ohne_D,-1,-1;gwk_auf_id "gwk_auf_id" true true false 10 Text 0 0 ,First,#,Tg_GWK_274_07_s2,gwk_auf_id,-1,-1;name "name" true true false 64 Text 0 0 ,First,#,Tg_GWK_274_07_s2,name,-1,-1;erstell_da "erstell_da" true true false 20 Text 0 0 ,First,#,Tg_GWK_274_07_s2,erstell_da,-1,-1;aktual_dat "aktual_dat" true true false 20 Text 0 0 ,First,#,Tg_GWK_274_07_s2,aktual_dat,-1,-1;zeitstempe "zeitstempe" true true false 20 Text 0 0 ,First,#,Tg_GWK_274_07_s2,zeitstempe,-1,-1;herkunft "herkunft" true true false 20 Text 0 0 ,First,#,Tg_GWK_274_07_s2,herkunft,-1,-1;sl_nr "sl_nr" true true false 8 Double 0 0 ,First,#,Tg_GWK_274_07_s2,sl_nr,-1,-1;Flaeche_qk "Flaeche_qk" true true false 8 Double 0 0 ,First,#,Tg_GWK_274_07_s2,Flaeche_qk,-1,-1"</Process><Process ToolSource="c:\program files (x86)\esri\arcgis\desktop10.6\ArcToolbox\Toolboxes\Data Management Tools.tbx\CalculateField" Date="20221019" Time="112816">CalculateField gwk_rel_§3_bel_Geb_p5_11_2022_ohne_D1 gwk_id "928_18" VB #</Process><Process ToolSource="c:\program files (x86)\esri\arcgis\desktop10.6\ArcToolbox\Toolboxes\Data Management Tools.tbx\CalculateField" Date="20221019" Time="112949">CalculateField gwk_rel_§3_bel_Geb_p5_11_2022_ohne_D1 gwk_id "928_03" VB #</Process><Process ToolSource="c:\program files (x86)\esri\arcgis\desktop10.6\ArcToolbox\Toolboxes\Data Management Tools.tbx\CalculateField" Date="20221019" Time="113032">CalculateField gwk_rel_§3_bel_Geb_p5_11_2022_ohne_D1 gwk_id "928_16" VB #</Process><Process ToolSource="c:\program files (x86)\esri\arcgis\desktop10.6\ArcToolbox\Toolboxes\Data Management Tools.tbx\CalculateField" Date="20221019" Time="113143">CalculateField gwk_rel_§3_bel_Geb_p5_11_2022_ohne_D1 gwk_id "496_01" VB #</Process><Process ToolSource="c:\program files (x86)\esri\arcgis\desktop10.6\ArcToolbox\Toolboxes\Data Management Tools.tbx\CalculateField" Date="20221019" Time="113215">CalculateField gwk_rel_§3_bel_Geb_p5_11_2022_ohne_D1 gwk_id "476_03" VB #</Process><Process ToolSource="c:\program files (x86)\esri\arcgis\desktop10.6\ArcToolbox\Toolboxes\Data Management Tools.tbx\CalculateField" Date="20221019" Time="113315">CalculateField gwk_rel_§3_bel_Geb_p5_11_2022_ohne_D1 gwk_id "476_02" VB #</Process><Process ToolSource="c:\program files (x86)\esri\arcgis\desktop10.6\ArcToolbox\Toolboxes\Data Management Tools.tbx\CalculateField" Date="20221019" Time="113902">CalculateField gwk_rel_§3_bel_Geb_p5_11_2022_ohne_D1 gwk_id "" VB #</Process><Process ToolSource="c:\program files (x86)\esri\arcgis\desktop10.6\ArcToolbox\Toolboxes\Data Management Tools.tbx\CalculateField" Date="20221019" Time="114053">CalculateField gwk_rel_§3_bel_Geb_p5_11_2022_ohne_D1 FID [OBJECTID] VB #</Process><Process ToolSource="c:\program files (x86)\esri\arcgis\desktop10.6\ArcToolbox\Toolboxes\Data Management Tools.tbx\Dissolve" Date="20221019" Time="153303">Dissolve gwk_rel_§3_bel_Geb_p5_11_2022_ohne_D D:\Users\Eisele\Documents\Gebietsausweisung_NItrat_AVV_11-2022\GIS-Daten\Abgrenzung_NRW_.gdb\gwk_rel_§3_bel_Geb_p5_11_2022_ohne_D1 gwk_id # MULTI_PART DISSOLVE_LINES</Process><Process ToolSource="c:\program files (x86)\esri\arcgis\desktop10.6\ArcToolbox\Toolboxes\Data Management Tools.tbx\Merge" Date="20221025" Time="083529">Merge gwk_rel_§3_bel_Geb_p5_11_2022_ohne_D;GWK_3_04_b_k D:\Users\Eisele\Documents\Gebietsausweisung_NItrat_AVV_11-2022\GIS-Daten\Abgrenzung_NRW_.gdb\gwk_rel_§3_bel_Geb_p5_11_2022_ohne_D_n "gwk_id "gwk_id" true true false 15 Text 0 0 ,First,#,gwk_rel_§3_bel_Geb_p5_11_2022_ohne_D,gwk_id,-1,-1,GWK_3_04_b_k,gwk_id,-1,-1;Shape_Length "Shape_Length" false true true 8 Double 0 0 ,First,#,gwk_rel_§3_bel_Geb_p5_11_2022_ohne_D,Shape_Length,-1,-1,GWK_3_04_b_k,Shape_Length,-1,-1;Shape_Area "Shape_Area" false true true 8 Double 0 0 ,First,#,gwk_rel_§3_bel_Geb_p5_11_2022_ohne_D,Shape_Area,-1,-1,GWK_3_04_b_k,Shape_Area,-1,-1;FID_GWK_3_04_b_alt "FID_GWK_3_04_b_alt" true true false 4 Long 0 0 ,First,#,GWK_3_04_b_k,FID_GWK_3_04_b_alt,-1,-1;FID_TG_GWK_3_04_s2_neu "FID_TG_GWK_3_04_s2_neu" true true false 4 Long 0 0 ,First,#,GWK_3_04_b_k,FID_TG_GWK_3_04_s2_neu,-1,-1;dissolve "dissolve" true true false 4 Long 0 0 ,First,#,GWK_3_04_b_k,dissolve,-1,-1"</Process><Process ToolSource="c:\program files (x86)\esri\arcgis\desktop10.6\ArcToolbox\Toolboxes\Data Management Tools.tbx\CalculateField" Date="20221025" Time="160222">CalculateField gwk_rel_§3_bel_Geb_p5_11_2022_ohne_D dissolve 1 VB #</Process><Process ToolSource="c:\program files (x86)\esri\arcgis\desktop10.6\ArcToolbox\Toolboxes\Data Management Tools.tbx\CalculateField" Date="20221025" Time="160234">CalculateField gwk_rel_§3_bel_Geb_p5_11_2022_ohne_D dissolve 1 VB #</Process><Process ToolSource="c:\program files (x86)\esri\arcgis\desktop10.6\ArcToolbox\Toolboxes\Data Management Tools.tbx\Dissolve" Date="20221025" Time="160333">Dissolve gwk_rel_§3_bel_Geb_p5_11_2022_ohne_D D:\Users\Eisele\Documents\Gebietsausweisung_NItrat_AVV_11-2022\GIS-Daten\Abgrenzung_NRW_.gdb\gwk_rel_§3_bel_Geb_p5_11_2022_ohne_D_dis dissolve # MULTI_PART DISSOLVE_LINES</Process><Process ToolSource="c:\program files (x86)\esri\arcgis\desktop10.6\ArcToolbox\Toolboxes\Analysis Tools.tbx\Union" Date="20221025" Time="180246">Union "gwk_rel_§3_bel_Geb_p5_11_2022_ohne_D_dis #;gwk_rel_§3 #" D:\Users\Eisele\Documents\Gebietsausweisung_NItrat_AVV_11-2022\GIS-Daten\Abgrenzung_NRW_.gdb\gwk_rel_§3_bel_Geb_p5_11_2022_ohne_D_dis_un_gwk ALL # GAPS</Process><Process ToolSource="c:\program files (x86)\esri\arcgis\desktop10.6\ArcToolbox\Toolboxes\Data Management Tools.tbx\Dissolve" Date="20221026" Time="081602">Dissolve gwk_rel_§3_bel_Geb_p5_11_2022_ohne_D_dis_un_gwk D:\Users\Eisele\Documents\Gebietsausweisung_NItrat_AVV_11-2022\GIS-Daten\Abgrenzung_NRW_.gdb\gwk_rel_§3_bel_Geb_p5_11_2022_ohne_D_1 gwk_id # MULTI_PART DISSOLVE_LINES</Process><Process ToolSource="c:\program files (x86)\esri\arcgis\desktop10.6\ArcToolbox\Toolboxes\Data Management Tools.tbx\CalculateField" Date="20221026" Time="090113">CalculateField gwk_rel_§3_bel_Geb_p5_11_2022_ohne_D d 1 VB #</Process><Process ToolSource="c:\program files (x86)\esri\arcgis\desktop10.6\ArcToolbox\Toolboxes\Data Management Tools.tbx\Dissolve" Date="20221026" Time="101649">Dissolve gwk_rel_§3_bel_Geb_p5_11_2022_ohne_D D:\Users\Eisele\Documents\Gebietsausweisung_NItrat_AVV_11-2022\GIS-Daten\Abgrenzung_NRW_.gdb\gwk_rel_§3_bel_Geb_p5_11_2022_ohne_D_dis2 d # MULTI_PART DISSOLVE_LINES</Process><Process ToolSource="c:\program files (x86)\esri\arcgis\desktop10.6\ArcToolbox\Toolboxes\Data Management Tools.tbx\Merge" Date="20221026" Time="102716">Merge gwk_rel_§3_bel_Geb_p5_11_2022_ohne_D_dis;gwk_rel_§3_bel_Geb_p5_11_2022_nur_D_dis D:\Users\Eisele\Documents\Gebietsausweisung_NItrat_AVV_11-2022\GIS-Daten\Abgrenzung_NRW_.gdb\gwk_rel_§3_bel_Geb_p5_11_2022_merge "d "d" true true false 2 Short 0 0 ,First,#,gwk_rel_§3_bel_Geb_p5_11_2022_ohne_D_dis,d,-1,-1,gwk_rel_§3_bel_Geb_p5_11_2022_nur_D_dis,d,-1,-1;Shape_Length "Shape_Length" false true true 8 Double 0 0 ,First,#,gwk_rel_§3_bel_Geb_p5_11_2022_ohne_D_dis,Shape_Length,-1,-1,gwk_rel_§3_bel_Geb_p5_11_2022_nur_D_dis,Shape_Length,-1,-1;Shape_Area "Shape_Area" false true true 8 Double 0 0 ,First,#,gwk_rel_§3_bel_Geb_p5_11_2022_ohne_D_dis,Shape_Area,-1,-1,gwk_rel_§3_bel_Geb_p5_11_2022_nur_D_dis,Shape_Area,-1,-1"</Process><Process ToolSource="c:\program files (x86)\esri\arcgis\desktop10.6\ArcToolbox\Toolboxes\Data Management Tools.tbx\Dissolve" Date="20221026" Time="103316">Dissolve gwk_rel_§3_bel_Geb_p5_11_2022_merge D:\Users\Eisele\Documents\Gebietsausweisung_NItrat_AVV_11-2022\GIS-Daten\Abgrenzung_NRW_.gdb\gwk_rel_§3_bel_Geb_p5_11_2022_dis d # MULTI_PART DISSOLVE_LINES</Process><Process ToolSource="c:\program files (x86)\esri\arcgis\desktop10.6\ArcToolbox\Toolboxes\Analysis Tools.tbx\Union" Date="20221026" Time="165604">Union "gwk_rel_§3_bel_Geb_p5_11_2022_dis #;k_gw_koerper_auflage_2 #" D:\Users\Eisele\Documents\Gebietsausweisung_NItrat_AVV_11-2022\GIS-Daten\Abgrenzung_NRW_.gdb\gwk_rel_§3_bel_Geb_p5_11_2022_dis_un_gwk ALL # GAPS</Process><Process ToolSource="c:\program files (x86)\esri\arcgis\desktop10.6\ArcToolbox\Toolboxes\Data Management Tools.tbx\Dissolve" Date="20221027" Time="073729">Dissolve gwk_rel_§3_bel_Geb_p5_11_2022_dis_un_gwk D:\Users\Eisele\Documents\Gebietsausweisung_NItrat_AVV_11-2022\GIS-Daten\Abgrenzung_NRW_.gdb\gwk_rel_§3_bel_Geb_p5_11_2022 gwk_id # MULTI_PART DISSOLVE_LINES</Process><Process ToolSource="c:\program files (x86)\esri\arcgis\desktop10.6\ArcToolbox\Toolboxes\Data Management Tools.tbx\CalculateField" Date="20221027" Time="074033">CalculateField gwk_rel_§3_bel_Geb_p5_11_2022 gwk_id "278_13" VB #</Process><Process ToolSource="c:\program files (x86)\esri\arcgis\desktop10.6\ArcToolbox\Toolboxes\Data Management Tools.tbx\Dissolve" Date="20221027" Time="074111">Dissolve gwk_rel_§3_bel_Geb_p5_11_2022 D:\Users\Eisele\Documents\Gebietsausweisung_NItrat_AVV_11-2022\GIS-Daten\Abgrenzung_NRW_.gdb\gwk_rel_§3_bel_Geb_p5_11_2022_1 gwk_id # MULTI_PART DISSOLVE_LINES</Process><Process ToolSource="c:\program files (x86)\esri\arcgis\desktop10.6\ArcToolbox\Toolboxes\Data Management Tools.tbx\CalculateField" Date="20221028" Time="161339">CalculateField gwk_rel_§3_bel_Geb_p5_11_2022 d 0 VB #</Process><Process ToolSource="c:\program files (x86)\esri\arcgis\desktop10.6\ArcToolbox\Toolboxes\Data Management Tools.tbx\Merge" Date="20221103" Time="103402">Merge gwk_rel_§3_bel_Geb_p5_11_2022;Tg_GWK_928_06_s2_union1 D:\Users\Eisele\Documents\Gebietsausweisung_NItrat_AVV_11-2022\GIS-Daten\Abgrenzung_NRW_.gdb\gwk_rel_§3_bel_Geb_p5_11_2022_1 "gwk_id "gwk_id" true true false 15 Text 0 0 ,First,#,gwk_rel_§3_bel_Geb_p5_11_2022,gwk_id,-1,-1,Tg_GWK_928_06_s2_union1,gwk_id,-1,-1;Shape_Length "Shape_Length" false true true 8 Double 0 0 ,First,#,gwk_rel_§3_bel_Geb_p5_11_2022,Shape_Length,-1,-1,Tg_GWK_928_06_s2_union1,Shape_Length,-1,-1;Shape_Area "Shape_Area" false true true 8 Double 0 0 ,First,#,gwk_rel_§3_bel_Geb_p5_11_2022,Shape_Area,-1,-1,Tg_GWK_928_06_s2_union1,Shape_Area,-1,-1;d "d" true true false 2 Short 0 0 ,First,#,gwk_rel_§3_bel_Geb_p5_11_2022,d,-1,-1,Tg_GWK_928_06_s2_union1,d,-1,-1;FID_gwk_rel_§3_bel_Geb_p5_11_2022 "FID_gwk_rel_§3_bel_Geb_p5_11_2022" true true false 4 Long 0 0 ,First,#,Tg_GWK_928_06_s2_union1,FID_gwk_rel_§3_bel_Geb_p5_11_2022,-1,-1;FID_Tg_GWK_928_06_s2 "FID_Tg_GWK_928_06_s2" true true false 4 Long 0 0 ,First,#,Tg_GWK_928_06_s2_union1,FID_Tg_GWK_928_06_s2,-1,-1;gwk_id_1 "gwk_id" true true false 15 Text 0 0 ,First,#,Tg_GWK_928_06_s2_union1,gwk_id_1,-1,-1"</Process><Process ToolSource="c:\program files (x86)\esri\arcgis\desktop10.6\ArcToolbox\Toolboxes\Data Management Tools.tbx\CalculateField" Date="20221103" Time="103503">CalculateField gwk_rel_§3_bel_Geb_p5_11_2022_1 gwk_id "928_06" VB #</Process><Process ToolSource="c:\program files (x86)\esri\arcgis\desktop10.6\ArcToolbox\Toolboxes\Data Management Tools.tbx\Dissolve" Date="20221103" Time="103556">Dissolve gwk_rel_§3_bel_Geb_p5_11_2022_1 D:\Users\Eisele\Documents\Gebietsausweisung_NItrat_AVV_11-2022\GIS-Daten\Abgrenzung_NRW_.gdb\gwk_rel_§3_bel_Geb_p5_11_2022_2 gwk_id # MULTI_PART DISSOLVE_LINES</Process><Process ToolSource="c:\program files (x86)\esri\arcgis\desktop10.6\ArcToolbox\Toolboxes\Data Management Tools.tbx\CalculateField" Date="20221103" Time="104107">CalculateField gwk_rel_§3_bel_Geb_p5_11_2022 d 0 VB #</Process><Process ToolSource="c:\program files (x86)\esri\arcgis\desktop10.6\ArcToolbox\Toolboxes\Data Management Tools.tbx\Dissolve" Date="20221103" Time="104210">Dissolve gwk_rel_§3_bel_Geb_p5_11_2022 D:\Users\Eisele\Documents\Gebietsausweisung_NItrat_AVV_11-2022\GIS-Daten\Abgrenzung_NRW_.gdb\gwk_rel_§3_bel_Geb_p5_11_2022_dis1 d # MULTI_PART DISSOLVE_LINES</Process><Process ToolSource="c:\program files (x86)\esri\arcgis\desktop10.6\ArcToolbox\Toolboxes\Analysis Tools.tbx\Union" Date="20221103" Time="160210">Union "gwk_rel_§3_bel_Geb_p5_11_2022_dis #;FB_0922_gwk_rel_§3_bel_Geb_p5_11_2022 #" D:\Users\Eisele\Documents\Gebietsausweisung_NItrat_AVV_11-2022\GIS-Daten\Abgrenzung_NRW_.gdb\gwk_rel_§3_bel_Geb_p5_11_2022_union_FB_1 ALL # GAPS</Process><Process ToolSource="c:\program files (x86)\esri\arcgis\desktop10.6\ArcToolbox\Toolboxes\Data Management Tools.tbx\Dissolve" Date="20221103" Time="160645">Dissolve gwk_rel_§3_bel_Geb_p5_11_2022_union_FB_1 D:\Users\Eisele\Documents\Gebietsausweisung_NItrat_AVV_11-2022\GIS-Daten\Abgrenzung_NRW_.gdb\Nitratbelastete_Gebiete_11_2022_1 d # MULTI_PART DISSOLVE_LINES</Process><Process ToolSource="c:\program files (x86)\esri\arcgis\desktop10.6\ArcToolbox\Toolboxes\Data Management Tools.tbx\CalculateField" Date="20221110" Time="115030">CalculateField Nitratbelastete_Gebiete_12_2022 Bezeichnung "Mit Nitrat belastete Gebiete nach § 13a DüV (12/2022)" VB #</Process><Process ToolSource="c:\program files (x86)\esri\arcgis\desktop10.6\ArcToolbox\Toolboxes\Data Management Tools.tbx\CalculateField" Date="20221201" Time="091759">CalculateField Export_Output BZN [Bezeichnung] VB #</Process><Process ToolSource="c:\program files (x86)\esri\arcgis\desktop10.6\ArcToolbox\Toolboxes\Analysis Tools.tbx\Clip" Date="20221201" Time="164801">Clip D:\Users\Eisele\Documents\Gebietsausweisung_NItrat_AVV_11-2022\Daten_und_Auswertungen_für_Externe\Open_Data\Mit_Nitrat_belastete_Gebiete_12_2022\Mit_Nitrat_belastete_Gebiete_12_2022\Mit_Nitrat_belastete_Gebiete_12_2022.shp Nitratbelastete_Gebiete_12_2022 D:\Users\Eisele\Documents\Gebietsausweisung_NItrat_AVV_11-2022\Daten_und_Auswertungen_für_Externe\Open_Data\Mit_Nitrat_belastete_Gebiete_12_2022\Mit_Nitrat_belastete_Gebiete_12_2022\Mit_Nitrat_belastete_Gebiete_12_2022_k.shp #</Process></lineage><itemProps><itemLocation><linkage Sync="TRUE">file://\\ZEISELE-1\D$\Users\Eisele\Documents\Gebietsausweisung_NItrat_AVV_11-2022\Daten_und_Auswertungen_für_Externe\Open_Data\Mit_Nitrat_belastete_Gebiete_12_2022\Mit_Nitrat_belastete_Gebiete_12_2022\Mit_Nitrat_belastete_Gebiete_12_2022_k.shp</linkage><protocol Sync="TRUE">Local Area Network</protocol></itemLocation><itemName Sync="TRUE">Mit_Nitrat_belastete_Gebiete_12_2022_k</itemName><imsContentType Sync="TRUE">002</imsContentType><itemSize Sync="TRUE">0.000</itemSize></itemProps><coordRef><type Sync="TRUE">Projected</type><geogcsn Sync="TRUE">GCS_ETRS_1989</geogcsn><csUnits Sync="TRUE">Linear Unit: Meter (1.000000)</csUnits><projcsn Sync="TRUE">ETRS_1989_UTM_Zone_32N</projcsn><peXml Sync="TRUE">&lt;ProjectedCoordinateSystem xsi:type='typens:ProjectedCoordinateSystem' xmlns:xsi='http://www.w3.org/2001/XMLSchema-instance' xmlns:xs='http://www.w3.org/2001/XMLSchema' xmlns:typens='http://www.esri.com/schemas/ArcGIS/10.6'&gt;&lt;WKT&gt;PROJCS[&amp;quot;ETRS_1989_UTM_Zone_32N&amp;quot;,GEOGCS[&amp;quot;GCS_ETRS_1989&amp;quot;,DATUM[&amp;quot;D_ETRS_1989&amp;quot;,SPHEROID[&amp;quot;GRS_1980&amp;quot;,6378137.0,298.257222101]],PRIMEM[&amp;quot;Greenwich&amp;quot;,0.0],UNIT[&amp;quot;Degree&amp;quot;,0.0174532925199433]],PROJECTION[&amp;quot;Transverse_Mercator&amp;quot;],PARAMETER[&amp;quot;False_Easting&amp;quot;,500000.0],PARAMETER[&amp;quot;False_Northing&amp;quot;,0.0],PARAMETER[&amp;quot;Central_Meridian&amp;quot;,9.0],PARAMETER[&amp;quot;Scale_Factor&amp;quot;,0.9996],PARAMETER[&amp;quot;Latitude_Of_Origin&amp;quot;,0.0],UNIT[&amp;quot;Meter&amp;quot;,1.0],AUTHORITY[&amp;quot;EPSG&amp;quot;,25832]]&lt;/WKT&gt;&lt;XOrigin&gt;-5120900&lt;/XOrigin&gt;&lt;YOrigin&gt;-9998100&lt;/YOrigin&gt;&lt;XYScale&gt;450445547.3910538&lt;/XYScale&gt;&lt;ZOrigin&gt;-100000&lt;/ZOrigin&gt;&lt;ZScale&gt;10000&lt;/ZScale&gt;&lt;MOrigin&gt;-100000&lt;/MOrigin&gt;&lt;MScale&gt;10000&lt;/MScale&gt;&lt;XYTolerance&gt;0.001&lt;/XYTolerance&gt;&lt;ZTolerance&gt;0.001&lt;/ZTolerance&gt;&lt;MTolerance&gt;0.001&lt;/MTolerance&gt;&lt;HighPrecision&gt;true&lt;/HighPrecision&gt;&lt;WKID&gt;25832&lt;/WKID&gt;&lt;LatestWKID&gt;25832&lt;/LatestWKID&gt;&lt;/ProjectedCoordinateSystem&gt;</peXml></coordRef></DataProperties><ArcGISFormat>1.0</ArcGISFormat></Esri><idinfo><native Sync="TRUE">Microsoft Windows XP Version 5.1 (Build 2600) Service Pack 3; ESRI ArcCatalog 9.3.1.4000</native><descript><langdata Sync="TRUE">de</langdata><abstract>REQUIRED: A brief narrative summary of the data set.</abstract><purpose>REQUIRED: A summary of the intentions with which the data set was developed.</purpose></descript><citation><citeinfo><origin>REQUIRED: The name of an organization or individual that developed the data set.</origin><pubdate>REQUIRED: The date when the data set is published or otherwise made available for release.</pubdate><title Sync="TRUE">gsk3c_ezg</title><ftname Sync="TRUE">gsk3c_ezg</ftname><geoform Sync="TRUE">vector digital data</geoform><onlink Sync="TRUE">\\APC07821\C$\Dokumente und Einstellungen\rusch01\Eigene Dateien\gbm3c_GSK_110217.gdb</onlink></citeinfo></citation><timeperd><current>REQUIRED: The basis on which the time period of content information is determined.</current><timeinfo><sngdate><caldate>REQUIRED: The year (and optionally month, or month and day) for which the data set corresponds to the ground.</caldate></sngdate></timeinfo></timeperd><status><progress>REQUIRED: The state of the data set.</progress><update>REQUIRED: The frequency with which changes and additions are made to the data set after the initial data set is completed.</update></status><spdom><bounding><westbc Sync="TRUE">5.456338</westbc><eastbc Sync="TRUE">9.673505</eastbc><northbc Sync="TRUE">52.701828</northbc><southbc Sync="TRUE">50.263603</southbc></bounding><lboundng><leftbc Sync="TRUE">260298.711200</leftbc><rightbc Sync="TRUE">545511.672900</rightbc><bottombc Sync="TRUE">5573353.092400</bottombc><topbc Sync="TRUE">5839102.234900</topbc></lboundng></spdom><keywords><theme><themekt>REQUIRED: Reference to a formally registered thesaurus or a similar authoritative source of theme keywords.</themekt><themekey>REQUIRED: Common-use word or phrase used to describe the subject of the data set.</themekey></theme></keywords><accconst>REQUIRED: Restrictions and legal prerequisites for accessing the data set.</accconst><useconst>REQUIRED: Restrictions and legal prerequisites for using the data set after access is granted.</useconst><natvform Sync="TRUE">Feature-Class in File-Geodatabase</natvform></idinfo><dataIdInfo><envirDesc Sync="TRUE"> Version 6.2 (Build 9200) ; Esri ArcGIS 10.6.1.9270</envirDesc><dataLang><languageCode Sync="TRUE" value="deu"></languageCode><countryCode value="DEU" Sync="TRUE"></countryCode></dataLang><idCitation><resTitle Sync="TRUE">Mit_Nitrat_belastete_Gebiete_12_2022_k</resTitle><presForm><PresFormCd value="005" Sync="TRUE"></PresFormCd></presForm></idCitation><dataExt><geoEle><GeoBndBox esriExtentType="native"><westBL Sync="TRUE">260298.7112</westBL><eastBL Sync="TRUE">545511.6729</eastBL><northBL Sync="TRUE">5839102.2349</northBL><southBL Sync="TRUE">5573353.0924</southBL><exTypeCode Sync="TRUE">1</exTypeCode></GeoBndBox></geoEle></dataExt><geoBox esriExtentType="decdegrees"><westBL Sync="TRUE">5.456338</westBL><eastBL Sync="TRUE">9.673505</eastBL><northBL Sync="TRUE">52.701828</northBL><southBL Sync="TRUE">50.263603</southBL><exTypeCode Sync="TRUE">1</exTypeCode></geoBox><spatRpType><SpatRepTypCd value="001" Sync="TRUE"></SpatRepTypCd></spatRpType></dataIdInfo><metainfo><langmeta Sync="TRUE">de</langmeta><metstdn Sync="TRUE">FGDC Content Standards for Digital Geospatial Metadata</metstdn><metstdv Sync="TRUE">FGDC-STD-001-1998</metstdv><mettc Sync="TRUE">local time</mettc><metc><cntinfo><cntorgp><cntper>REQUIRED: The person responsible for the metadata information.</cntper><cntorg>REQUIRED: The organization responsible for the metadata information.</cntorg></cntorgp><cntaddr><addrtype>REQUIRED: The mailing and/or physical address for the organization or individual.</addrtype><city>REQUIRED: The city of the address.</city><state>REQUIRED: The state or province of the address.</state><postal>REQUIRED: The ZIP or other postal code of the address.</postal></cntaddr><cntvoice>REQUIRED: The telephone number by which individuals can speak to the organization or individual.</cntvoice></cntinfo></metc><metd Sync="TRUE">20110218</metd></metainfo><mdLang><languageCode Sync="TRUE" value="deu"></languageCode><countryCode value="DEU" Sync="TRUE"></countryCode></mdLang><mdStanName Sync="TRUE">ISO 19115 Geographic Information - Metadata</mdStanName><mdStanVer Sync="TRUE"># 11108</mdStanVer><mdChar><CharSetCd Sync="TRUE" value="004"></CharSetCd></mdChar><mdHrLv><ScopeCd Sync="TRUE" value="005"></ScopeCd></mdHrLv><mdHrLvName Sync="TRUE">dataset</mdHrLvName><distinfo><resdesc Sync="TRUE">Downloadable Data</resdesc></distinfo><distInfo><distributor><distorTran><onLineSrc><orDesc Sync="TRUE">002</orDesc><linkage Sync="TRUE">file://\\APC07821\C$\Dokumente und Einstellungen\rusch01\Eigene Dateien\gbm3c_GSK_110217.gdb</linkage><protocol Sync="TRUE">Local Area Network</protocol></onLineSrc></distorTran><distorFormat><formatName Sync="TRUE">Feature-Class in File-Geodatabase</formatName></distorFormat></distributor><distFormat><formatName Sync="TRUE">Shapefile</formatName></distFormat><distTranOps><transSize Sync="TRUE">0.000</transSize></distTranOps></distInfo><spdoinfo><direct Sync="TRUE">Vector</direct><ptvctinf><esriterm Name="Mit_Nitrat_belastete_Gebiete_12_2022_k"><efeatyp Sync="TRUE">Simple</efeatyp><efeageom code="4" Sync="TRUE"></efeageom><esritopo Sync="TRUE">FALSE</esritopo><efeacnt Sync="TRUE">0</efeacnt><spindex Sync="TRUE">FALSE</spindex><linrefer Sync="TRUE">TRUE</linrefer></esriterm></ptvctinf></spdoinfo><spref><horizsys><cordsysn><geogcsn Sync="TRUE">GCS_ETRS_1989</geogcsn><projcsn Sync="TRUE">ETRS_1989_UTM_Zone_32N</projcsn></cordsysn><planar><planci><plance Sync="TRUE">coordinate pair</plance><plandu Sync="TRUE">meters</plandu><coordrep><absres Sync="TRUE">0.000100</absres><ordres Sync="TRUE">0.000100</ordres></coordrep></planci></planar><geodetic><horizdn Sync="TRUE">D_ETRS_1989</horizdn><ellips Sync="TRUE">Geodetic Reference System 80</ellips><semiaxis Sync="TRUE">6378137.000000</semiaxis><denflat Sync="TRUE">298.257222</denflat></geodetic></horizsys><vertdef><altsys><altenc Sync="TRUE">Explicit elevation coordinate included with horizontal coordinates</altenc><altres Sync="TRUE">0.000100</altres></altsys></vertdef></spref><refSysInfo><RefSystem><refSysID><identCode Sync="TRUE" code="25832">ETRS_1989_UTM_Zone_32N</identCode><idCodeSpace Sync="TRUE">EPSG</idCodeSpace><idVersion Sync="TRUE">5.1(4.0.0)</idVersion></refSysID></RefSystem></refSysInfo><spatRepInfo><VectSpatRep><geometObjs Name="Mit_Nitrat_belastete_Gebiete_12_2022_k"><geoObjTyp><GeoObjTypCd value="002" Sync="TRUE"></GeoObjTypCd></geoObjTyp><geoObjCnt Sync="TRUE">0</geoObjCnt></geometObjs><topLvl><TopoLevCd value="001" Sync="TRUE"></TopoLevCd></topLvl></VectSpatRep></spatRepInfo><eainfo><detailed Name="Mit_Nitrat_belastete_Gebiete_12_2022_k"><enttyp><enttypl Sync="TRUE">Mit_Nitrat_belastete_Gebiete_12_2022_k</enttypl><enttypt Sync="TRUE">Feature Class</enttypt><enttypc Sync="TRUE">0</enttypc></enttyp><attr><attrlabl Sync="TRUE">FID</attrlabl><attalias Sync="TRUE">FID</attalias><attrtype Sync="TRUE">OID</attrtype><attwidth Sync="TRUE">4</attwidth><atprecis Sync="TRUE">0</atprecis><attscale Sync="TRUE">0</attscale><attrdef Sync="TRUE">Internal feature number.</attrdef><attrdefs Sync="TRUE">Esri</attrdefs><attrdomv><udom Sync="TRUE">Sequential unique whole numbers that are automatically generated.</udom></attrdomv></attr><attr><attrlabl Sync="TRUE">OBJECTID</attrlabl><attalias Sync="TRUE">OBJECTID</attalias><attrtype Sync="TRUE">Integer</attrtype><attwidth Sync="TRUE">10</attwidth><atprecis Sync="TRUE">10</atprecis><attscale Sync="TRUE">0</attscale><attrdef Sync="TRUE">Internal feature number.</attrdef><attrdefs Sync="TRUE">Esri</attrdefs><attrdomv><udom Sync="TRUE">Sequential unique whole numbers that are automatically generated.</udom></attrdomv></attr><attr><attrlabl Sync="TRUE">SHAPE</attrlabl><attalias Sync="TRUE">Shape</attalias><attrtype Sync="TRUE">Geometry</attrtype><attwidth Sync="TRUE">0</attwidth><atprecis Sync="TRUE">0</atprecis><attscale Sync="TRUE">0</attscale><attrdef Sync="TRUE">Feature geometry.</attrdef><attrdefs Sync="TRUE">ESRI</attrdefs><attrdomv><udom Sync="TRUE">Coordinates defining the features.</udom></attrdomv></attr><attr><attrlabl Sync="TRUE">BZN</attrlabl><attalias Sync="TRUE">BZN</attalias><attrtype Sync="TRUE">String</attrtype><attwidth Sync="TRUE">100</attwidth><atprecis Sync="TRUE">0</atprecis><attscale Sync="TRUE">0</attscale></attr><attr><attrlabl Sync="TRUE">Shape_Leng</attrlabl><attalias Sync="TRUE">Shape_Leng</attalias><attrtype Sync="TRUE">Double</attrtype><attwidth Sync="TRUE">19</attwidth><atprecis Sync="TRUE">0</atprecis><attscale Sync="TRUE">0</attscale></attr><attr><attrlabl Sync="TRUE">SHAPE_Area</attrlabl><attalias Sync="TRUE">Shape_Area</attalias><attrtype Sync="TRUE">Double</attrtype><attwidth Sync="TRUE">19</attwidth><atprecis Sync="TRUE">0</atprecis><attscale Sync="TRUE">0</attscale><attrdef Sync="TRUE">Area of feature in internal units squared.</attrdef><attrdefs Sync="TRUE">ESRI</attrdefs><attrdomv><udom Sync="TRUE">Positive real numbers that are automatically generated.</udom></attrdomv></attr></detailed></eainfo><mdDateSt Sync="TRUE">20221201</mdDateSt></metadata>
